<?xml version="1.0" encoding="UTF-8"?>
<!DOCTYPE mapper PUBLIC "-//mybatis.org//DTD Mapper 3.0//EN" "http://mybatis.org/dtd/mybatis-3-mapper.dtd">
<mapper namespace="com.ctjsoft.orderserver.analyze.mapper.JxStdDatabaseDicionaryLogMapper">
    <resultMap id="BaseResultMap" type="com.ctjsoft.orderserver.analyze.domain.JxStdDatabaseDicionaryLog">
        <id column="ID" jdbcType="VARCHAR" property="id"/>
        <result column="CREATE_TIME" jdbcType="TIMESTAMP" property="createTime"/>
        <result column="TYPE" jdbcType="INTEGER" property="type"/>
        <result column="REMARK" jdbcType="VARCHAR" property="remark"/>
        <result column="TABLE_ID" jdbcType="VARCHAR" property="tableId"/>
    </resultMap>
    <sql id="Base_Column_List">
        ID, TABLE_ID, TABLE_NAME, TYPE, REMARK, DATABASE_ID
    </sql>
    <select id="batchInsert" parameterType="java.util.List">
        insert all
        <foreach collection='list' item='item' separator=''>
            into std_database_dicionary_log (ID,CREATE_TIME,TYPE,REMARK,TABLE_ID) values (#{item.id},#{item.createTime},#{item.type},#{item.remark},#{item.tableId})
        </foreach>
        select * from dual
    </select>
    <select id="detail" parameterType="java.lang.String" resultMap="BaseResultMap">
      select * from std_database_dicionary_log where TABLE_ID = #{tableId} order by CREATE_TIME desc
    </select>
</mapper>