<?xml version="1.0" encoding="UTF-8"?>
<!DOCTYPE mapper PUBLIC "-//mybatis.org//DTD Mapper 3.0//EN" "http://mybatis.org/dtd/mybatis-3-mapper.dtd">
<mapper namespace="com.ctjsoft.orderserver.analyze.mapper.JxStdDatabaseQuestionRecordMapper">
    <resultMap id="BaseResultMap" type="com.ctjsoft.orderserver.analyze.domain.JxStdDatabaseQuestionRecord">
        <id column="ID" jdbcType="VARCHAR" property="id"/>
        <result column="TABLE_NAME" jdbcType="VARCHAR" property="tableName"/>
        <result column="COLUMN_NAME" jdbcType="VARCHAR" property="columnName"/>
        <result column="TYPE" jdbcType="NUMERIC" property="type"/>
        <result column="DATABASE_ID" jdbcType="VARCHAR" property="databaseId"/>
        <result column="CREATE_TIME" jdbcType="TIMESTAMP" property="createTime"/>
        <result column="STATUS" jdbcType="VARCHAR" property="status"/>
        <result column="entity_name" jdbcType="VARCHAR" property="entityName"/>
    </resultMap>
    <sql id="Base_Column_List">
        ID, CODE, NAME, TYPE, DRIVER, URL, USERNAME, PWD, DES, MODEL_NAME, BUSINESS, VERSION
    </sql>

    <select id="batchInsert" parameterType="java.util.List">
        insert all
        <foreach collection='list' item='item' separator=''>
            into std_database_question_record (ID,TABLE_NAME,COLUMN_NAME,TYPE,DATABASE_ID,CREATE_TIME,
            IS_EMPTY,IS_PK,LENGTH,DEFAULT_VALUE,COLUMN_TYPE,TABLE_ID,CHINESE_NAME,REMARK
            ) values
            (#{item.id},#{item.tableName},#{item.columnName},#{item.type},#{item.databaseId},#{item.createTime}
            ,#{item.isEmpty},#{item.isPk},#{item.length},#{item.defaultValue},#{item.columnType}
            ,#{item.length},#{item.defaultValue},#{item.keyword}
            )

        <!--    into std_database_question_record

            <trim prefix="(" suffix=")" suffixOverrides=",">
                <if test="item.id != null">ID,</if>
                <if test="item.tableName != null">TABLE_NAME,</if>
                <if test="item.columnName != null">COLUMN_NAME,</if>
                <if test="item.type != null">TYPE,</if>
                <if test="item.databaseId != null">DATABASE_ID,</if>
                <if test="item.createTime != null">CREATE_TIME,</if>
                <if test="item.isEmpty != null">IS_EMPTY,</if>
                <if test="item.isPk != null">IS_PK,</if>
                <if test="item.length != null">LENGTH,</if>
                <if test="item.defaultValue != null">DEFAULT_VALUE,</if>
                <if test="item.columnType != null">COLUMN_TYPE,</if>
                <if test="item.length != null">TABLE_ID,</if>
                <if test="item.defaultValue != null">CHINESE_NAME,</if>
                <if test="item.keyword != null">REMARK,</if>
            </trim>
            <trim prefix="values (" suffix=")" suffixOverrides=",">
                <if test="item.id != null">#{item.id},</if>
                <if test="item.tableName != null">#{item.tableName},</if>
                <if test="item.columnName != null">#{item.columnName},</if>
                <if test="item.type != null">#{item.type},</if>
                <if test="item.databaseId != null">#{item.databaseId},</if>
                <if test="item.createTime != null">#{item.createTime},</if>
                <if test="item.isEmpty != null">#{item.isEmpty},</if>
                <if test="item.isPk != null">#{item.isPk},</if>
                <if test="item.length != null">#{item.length},</if>
                <if test="item.defaultValue != null">#{item.defaultValue},</if>
                <if test="item.columnType != null">#{item.columnType},</if>
                <if test="item.length != null">#{item.length},</if>
                <if test="item.defaultValue != null">#{item.defaultValue},</if>
                <if test="item.keyword != null">#{item.keyword},</if>
            </trim>-->

        </foreach>
        select * from dual
    </select>

    <update id="update" parameterType="com.ctjsoft.orderserver.analyze.domain.JxStdDatabaseDataDicionary">
        update std_database_data_dicionary
        <set>
            <if test="chineseName != null">
                CHINESE_NAME = #{chineseName,jdbcType=VARCHAR},
            </if>
            <if test="TYPE != null">
                type = #{TYPE,jdbcType=VARCHAR},
            </if>
            <if test="entityName != null">
                ENTITY_NAME = #{entityName,jdbcType=VARCHAR},
            </if>
            <if test="logicalTable != null">
                LOGICAL_TABLE = #{logicalTable,jdbcType=VARCHAR},
            </if>
            <if test="username != null">
                USERNAME = #{username,jdbcType=VARCHAR},
            </if>
            <if test="businessClassfi != null">
                BUSINESS_CLASSFi = #{businessClassfi,jdbcType=VARCHAR},
            </if>
            <if test="detectionResult != null">
                DETECTION_RESULT = #{detectionResult,jdbcType=VARCHAR},
            </if>
            <if test="illustrate != null">
                ILLUSTRATE = #{illustrate,jdbcType=VARCHAR},
            </if>
        </set>
        where ID = #{id,jdbcType=VARCHAR}
    </update>

    <select id="insert" parameterType="com.ctjsoft.orderserver.analyze.domain.JxStdDatabaseQuestionRecord">
        insert into std_database_question_record(id, table_name ,column_name ,type,database_id,create_time) values(#{id}, #{tableName},#{columnName},#{type},#{databaseId},#{createTime})
    </select>

    <select id="list" resultMap="BaseResultMap">
        select * from std_database_question_record where status = '0'
    </select>

    <select id="loadByDatabaseId" parameterType="java.lang.String" resultMap="BaseResultMap">
        select * from std_database_question_record where DATABASE_ID = #{databaseId} and status = '0'
    </select>

    <update id="solveById" parameterType="java.lang.String">
        update std_database_question_record set status = '1' where id = #{id}
    </update>

    <select id="listByGroupCount" resultType="java.util.HashMap">
        select DATABASE_ID as key,count(1) as value from std_database_question_record where status = '0' GROUP BY DATABASE_ID
    </select>


    <select id="loadByDbIdAndKeyword" parameterType="com.ctjsoft.orderserver.analyze.domain.JxStdDatabaseQuestionRecord"
            resultMap="BaseResultMap">
        select a.*,b.entity_name from std_database_question_record a, STD_DATABASE_DATA_DICIONARY b
        where a.DATABASE_ID = #{databaseId} and a.status = '0'
        and a.DATABASE_ID = b.DATABASE_ID and a.TABLE_NAME = b.TABLE_NAME
        <if test="keyword != null and keyword != ''">
            and ( a.column_name like '%' || #{keyword}||'%'
            or a.table_name like '%' || #{keyword}||'%'
            )
        </if>
        <if test="tableName != null and tableName != '' ">
            and ( a.table_name = #{tableName} )
        </if>
        <if test="columnName != null  and columnName != '' ">
            and ( a.column_name = #{columnName} )
        </if>
    </select>


    <select id="loadByDbIdAndKeywordCount"
            parameterType="com.ctjsoft.orderserver.analyze.domain.JxStdDatabaseQuestionRecord"
            resultType="java.lang.String">
        select count(1) as count from std_database_question_record a, STD_DATABASE_DATA_DICIONARY b
        where a.DATABASE_ID = #{databaseId} and a.status = '0'
        and a.DATABASE_ID = b.DATABASE_ID and a.TABLE_NAME = b.TABLE_NAME
        <if test="keyword != null and keyword != ''">
            and ( a.column_name like '%' || #{keyword}||'%'
            or a.table_name like '%' || #{keyword}||'%'
            )
        </if>
        <if test="tableName != null and tableName != '' ">
            and ( a.table_name = #{tableName} )
        </if>
        <if test="columnName != null  and columnName != '' ">
            and ( a.column_name = #{columnName} )
        </if>
    </select>


    <select id="listDistinctTableNameByDbId" parameterType="java.lang.String" resultMap="BaseResultMap">
        select distinct table_name   from std_database_question_record
        where DATABASE_ID = #{databaseId} and status = '0' and column_name like '%${keyword}%'
        order by  table_name
    </select>

    <select id="listDistinctColumnNameByDbIdAndTbaleName" parameterType="java.lang.String" resultMap="BaseResultMap">
        select distinct COLUMN_NAME from std_database_question_record
        where DATABASE_ID = #{databaseId} and status = '0'
        and COLUMN_NAME is not null
        <if test="tableName != null and tableName != '' ">
            and ( table_name like '%' || #{tableName}||'%' )
        </if>
        order by COLUMN_NAME
    </select>


    <select id="loadJxCompareVo" parameterType="com.ctjsoft.orderserver.analyze.domain.JxCompareVo"
            resultType="com.ctjsoft.orderserver.analyze.domain.JxCompareVo">
        select a.table_id , a.table_name ,d.create_time,case when (select max( distinct tt.create_time ) from
        std_database_question_record tt where tt.database_id = a.database_id ) = d.create_time
        then 1 else 0 end as is_newest , a.chinese_name ,
        a.name as name,a.type as type,a.LENGTH as length,a.IS_PK as isPrimary, a.DEFAULT_VALUE as DEFAULT_VALUE ,
        a.REMARK as remak,a.is_empty
        from
        std_database_question_record d
        left join STD_DATABASE_COLUMN a on d.database_id = a.database_id and lower(a.name) = lower(d.column_name)
        and lower(a.table_name) = lower(d.table_name)
        left join DATAGEAR_SCHEMA e on a.database_id = e.SCHEMA_ID
        where a.database_id = #{databaseId}
        <if test="remak != null and remak != ''">
            and ( a.name like '%' || #{remak}||'%'
            or a.table_name like '%' || #{remak}||'%'
            )
        </if>
        <if test="tableName != null and tableName != '' ">
            and ( a.table_name = #{tableName} )
        </if>
        <if test="name != null  and name != '' ">
            and ( a.name = #{name} )
        </if>

        order by d.table_name,a.name,d.create_time desc
    </select>


    <select id="loadJxCompareVoPlus" parameterType="com.ctjsoft.orderserver.analyze.domain.JxCompareVo"
            resultType="com.ctjsoft.orderserver.analyze.domain.JxCompareVo">

        SELECT * FROM(
        SELECT ROWNUM WN,RN.* FROM (
        select a.table_id , a.table_name ,d.create_time,case when (select max( distinct tt.create_time ) from
        std_database_question_record tt where tt.database_id = a.database_id ) = d.create_time
        then 1 else 0 end as is_newest , a.chinese_name ,
        d.COLUMN_NAME as name,d.COLUMN_TYPE as type,d.LENGTH as length,d.IS_PK as isPrimary,
        d.DEFAULT_VALUE as DEFAULT_VALUE , d.REMARK as remak,d.is_empty
        from
        std_database_question_record d
        left join STD_DATABASE_COLUMN a on d.database_id = a.database_id and lower(a.name) = lower(d.column_name)
        and lower(a.table_name) = lower(d.table_name)
        left join DATAGEAR_SCHEMA e on a.database_id = e.SCHEMA_ID

        where a.database_id = #{databaseId}
        <if test="remak != null and remak != ''">
            and ( a.name like '%' || #{remak}||'%'
            or a.table_name like '%' || #{remak}||'%'
            )
        </if>
        <if test="tableName != null and tableName != '' ">
            and ( a.table_name = #{tableName} )
        </if>
        <if test="name != null  and name != '' ">
            and ( a.name = #{name} )
        </if>


        order by d.table_name,a.name,d.create_time desc
        )RN
        )WN where WN &lt;= #{page} * #{limit} AND WN > #{limit} * (#{page} -1)
    </select>


    <select id="getCount" parameterType="com.ctjsoft.orderserver.analyze.domain.JxCompareVo"
            resultType="java.lang.String">
        select count(1) as count
        from
        std_database_question_record d
        left join STD_DATABASE_COLUMN a on d.database_id = a.database_id and lower(a.name) = lower(d.column_name)
        and lower(a.table_name) = lower(d.table_name)
        left join DATAGEAR_SCHEMA e on a.database_id = e.SCHEMA_ID

        where a.database_id = #{databaseId}
        <if test="remak != null and remak != ''">
            and ( a.name like '%' || #{remak}||'%'
            or a.table_name like '%' || #{remak}||'%'
            )
        </if>
        <if test="tableName != null and tableName != '' ">
            and ( a.table_name = #{tableName} )
        </if>
        <if test="name != null  and name != '' ">
            and ( a.name = #{name} )
        </if>


    </select>


</mapper>